849118164360.074097, 15674 
27576.378465, 15675 
849118164365.892090, 15676 
27582.073927, 15677 
849118164371.589111, 15678 
27587.761402, 15679 
849118164377.275146, 15680 
27593.449950, 15681 
849118164382.950562, 15682 
27599.167943, 15683 
849118164388.665161, 15684 
27604.856968, 15685 
849118164394.353516, 15686 
27610.561490, 15687 
849118164400.026978, 15688 
27616.270423, 15689 
849118164405.729004, 15690 
27621.943951, 15691 
849118164411.436035, 15692 
27627.649426, 15693 
849118164417.135620, 15694 
27633.338928, 15695 
849118164422.807007, 15696 
27639.036894, 15697 
849118164428.505127, 15698 
27644.728899, 15699 
849118164434.201050, 15700 
27650.631905, 15701 
849118164440.025146, 15702 
27656.594872, 15703 
849118164445.990723, 15704 
27662.554860, 15705 
849118164451.948608, 15706 
27668.403864, 15707 
849118164457.660645, 15708 
27674.129367, 15709 
849118164463.391235, 15710 
27679.820776, 15711 
849118164469.100220, 15712 
27685.498238, 15713 
849118164474.802734, 15714 
27691.190720, 15715 
849118164480.501831, 15716 
27696.890235, 15717 
849118164486.191650, 15718 
27702.576756, 15719 
849118164491.884766, 15720 
27708.264351, 15721 
849118164497.574097, 15722 
27713.952899, 15723 
849118164503.252563, 15724 
27719.656825, 15725 
849118164508.932739, 15726 
27725.341320, 15727 
849118164514.632202, 15728 
27731.028318, 15729 
849118164520.346191, 15730 
27736.721873, 15731 
849118164526.061157, 15732 
27742.428303, 15733 
849118164531.753662, 15734 
27748.138309, 15735 
849118164537.440186, 15736 
27753.839374, 15737 
849118164543.128540, 15738 
27759.546399, 15739 
849118164548.874146, 15740 
27765.248895, 15741 
849118164554.605103, 15742 
27770.952821, 15743 
849118164560.315796, 15744 
27776.669741, 15745 
849118164566.034790, 15746 
27782.396197, 15747 
849118164571.747803, 15748 
27788.131714, 15749 
849118164577.454346, 15750 
27793.854713, 15751 
849118164583.159790, 15752 
27799.569249, 15753 
849118164588.867310, 15754 
27805.257201, 15755 
849118164594.597778, 15756 
27810.954213, 15757 
849118164600.310791, 15758 
27816.669226, 15759 
849118164606.031738, 15760 
27822.388172, 15761 
849118164611.735352, 15762 
27828.119636, 15763 
849118164617.435791, 15764 
27833.839178, 15765 
849118164623.146240, 15766 
27839.543223, 15767 
849118164628.858276, 15768 
27845.242143, 15769 
849118164634.574463, 15770 
27850.947142, 15771 
849118164640.296875, 15772 
27856.667161, 15773 
849118164645.992432, 15774 
27862.386584, 15775 
849118164651.706421, 15776 
27868.093491, 15777 
849118164657.406616, 15778 
27873.802900, 15779 
849118164663.129150, 15780 
27879.499912, 15781 
849118164668.855469, 15782 
27885.200977, 15783 
849118164674.571899, 15784 
27890.913010, 15785 
849118164680.276489, 15786 
27896.625519, 15787 
849118164685.983521, 15788 
27902.352452, 15789 
849118164691.685059, 15790 
27908.056974, 15791 
849118164697.394531, 15792 
27913.787484, 15793 
849118164703.126953, 15794 
27919.497013, 15795 
849118164708.863525, 15796 
27925.215483, 15797 
849118164714.596924, 15798 
27930.947065, 15799 
849118164720.328857, 15800 
27936.666608, 15801 
849118164726.050781, 15802 
27942.407131, 15803 
849118164731.758423, 15804 
27948.132634, 15805 
849118164737.470337, 15806 
27953.852057, 15807 
849118164743.183472, 15808 
27959.577560, 15809 
849118164748.901978, 15810 
27965.288520, 15811 
849118164754.630859, 15812 
27971.005082, 15813 
849118164760.357300, 15814 
27976.721644, 15815 
849118164766.092285, 15816 
27982.445240, 15817 
849118164771.812866, 15818 
27988.170743, 15819 
849118164777.534180, 15820 
27993.892789, 15821 
849118164783.247314, 15822 
27999.634266, 15823 
849118164788.968140, 15824 
28005.359769, 15825 
849118164794.676270, 15826 
28011.073351, 15827 
849118164800.394653, 15828 
28016.801357, 15829 
849118164806.124023, 15830 
28022.516966, 15831 
849118164811.850952, 15832 
28028.235435, 15833 
849118164817.581055, 15834 
28033.951998, 15835 
849118164823.299561, 15836 
28039.669991, 15837 
849118164829.020508, 15838 
28045.409441, 15839 
849118164834.724976, 15840 
28051.129460, 15841 
849118164840.445923, 15842 
28056.846023, 15843 
849118164846.156006, 15844 
28062.547445, 15845 
849118164851.873535, 15846 
28068.244934, 15847 
849118164857.581665, 15848 
28073.949933, 15849 
849118164863.305054, 15850 
28079.674959, 15851 
849118164869.009033, 15852 
28085.392952, 15853 
849118164874.705078, 15854 
28091.102481, 15855 
849118164880.414062, 15856 
28096.825480, 15857 
849118164886.126953, 15858 
28102.537036, 15859 
849118164891.854370, 15860 
28108.242631, 15861 
849118164897.577393, 15862 
28113.960147, 15863 
849118164903.288818, 15864 
28119.684696, 15865 
849118164908.997803, 15866 
28125.397682, 15867 
849118164914.712769, 15868 
28131.129265, 15869 
849118164920.436279, 15870 
28136.853695, 15871 
849118164926.177856, 15872 
28142.591596, 15873 
849118164931.920410, 15874 
28148.313642, 15875 
849118164937.660278, 15876 
28154.060721, 15877 
849118164943.403198, 15878 
28159.795761, 15879 
849118164949.157715, 15880 
28165.534258, 15881 
849118164954.913330, 15882 
28171.259284, 15883 
849118164960.664185, 15884 
28177.034736, 15885 
849118164966.412354, 15886 
28182.792664, 15887 
849118164972.155396, 15888 
28188.518643, 15889 
849118164977.906860, 15890 
28194.272637, 15891 
849118164983.654907, 15892 
28200.007200, 15893 
849118164989.413818, 15894 
28205.739617, 15895 
849118164995.175293, 15896 
28211.478114, 15897 
849118165000.944458, 15898 
28217.219114, 15899 
849118165006.706787, 15900 
28222.956181, 15901 
849118165012.459839, 15902 
28228.692174, 15903 
849118165018.228760, 15904 
28234.433770, 15905 
849118165023.997803, 15906 
28240.171671, 15907 
849118165029.743286, 15908 
28245.911717, 15909 
849118165035.503784, 15910 
28251.645803, 15911 
849118165041.264160, 15912 
28257.375836, 15913 
849118165047.026123, 15914 
28263.105869, 15915 
849118165052.825073, 15916 
28268.838406, 15917 
849118165058.587036, 15918 
28274.580956, 15919 
849118165064.334961, 15920 
28280.322552, 15921 
849118165070.104004, 15922 
28286.068439, 15923 
849118165075.863037, 15924 
28291.805506, 15925 
849118165081.614990, 15926 
28297.547579, 15927 
849118165087.366943, 15928 
28303.288102, 15929 
849118165093.132935, 15930 
28309.036613, 15931 
849118165098.900391, 15932 
28314.789534, 15933 
849118165104.653931, 15934 
28320.530057, 15935 
849118165110.417480, 15936 
28326.261997, 15937 
849118165116.227905, 15938 
28332.025051, 15939 
849118165121.975464, 15940 
28337.764025, 15941 
849118165127.715942, 15942 
28343.520999, 15943 
849118165133.463501, 15944 
28349.268556, 15945 
849118165139.215454, 15946 
28355.025530, 15947 
849118165144.954468, 15948 
28360.774040, 15949 
849118165150.710938, 15950 
28366.528034, 15951 
849118165156.439941, 15952 
28372.265935, 15953 
849118165162.202515, 15954 
28378.021359, 15955 
849118165167.952637, 15956 
28383.764863, 15957 
849118165173.710571, 15958 
28389.521956, 15959 
849118165179.459106, 15960 
28395.279408, 15961 
849118165185.229492, 15962 
28401.049972, 15963 
849118165190.972656, 15964 
28406.805992, 15965 
849118165196.715454, 15966 
28412.555575, 15967 
849118165202.455811, 15968 
28418.302178, 15969 
849118165208.187256, 15970 
28424.046636, 15971 
849118165213.953369, 15972 
28429.775119, 15973 
849118165219.718994, 15974 
28435.503125, 15975 
849118165225.488403, 15976 
28441.234112, 15977 
849118165231.229858, 15978 
28446.962595, 15979 
849118165236.991333, 15980 
28452.712536, 15981 
849118165242.748413, 15982 
28458.462954, 15983 
849118165248.497681, 15984 
28464.214444, 15985 
849118165254.260010, 15986 
28469.957948, 15987 
849118165260.012085, 15988 
28475.700974, 15989 
849118165265.773071, 15990 
28481.455922, 15991 
849118165271.524536, 15992 
28487.209439, 15993 
849118165277.270630, 15994 
28492.963433, 15995 
849118165283.028198, 15996 
28498.702884, 15997 
849118165288.777100, 15998 
28504.456878, 15999 
849118165294.541138, 16000 
28510.226846, 16001 
849118165300.299683, 16002 
28516.017914, 16003 
849118165306.048584, 16004 
28521.795392, 16005 
849118165311.809082, 16006 
28527.563453, 16007 
849118165317.576050, 16008 
28533.356905, 16009 
849118165323.328125, 16010 
28539.152861, 16011 
849118165329.077637, 16012 
28544.925451, 16013 
849118165334.847534, 16014 
28550.687432, 16015 
849118165340.609009, 16016 
28556.469440, 16017 
849118165346.389526, 16018 
28562.232971, 16019 
849118165352.174072, 16020 
28567.993999, 16021 
849118165357.958496, 16022 
28573.748946, 16023 
849118165363.747070, 16024 
28579.525471, 16025 
849118165369.505493, 16026 
28585.289955, 16027 
849118165375.255615, 16028 
28591.061473, 16029 
849118165381.030029, 16030 
28596.854925, 16031 
849118165386.812012, 16032 
28602.652431, 16033 
849118165392.602539, 16034 
28608.416915, 16035 
849118165398.380005, 16036 
28614.221931, 16037 
849118165404.163696, 16038 
28619.990945, 16039 
849118165409.942505, 16040 
28625.779510, 16041 
849118165415.718018, 16042 
28631.557584, 16043 
849118165421.488892, 16044 
28637.341142, 16045 
849118165427.263306, 16046 
28643.138647, 16047 
849118165433.033325, 16048 
28648.928642, 16049 
849118165438.807373, 16050 
28654.713154, 16051 
849118165444.607788, 16052 
28660.486102, 16053 
849118165450.405273, 16054 
28666.260123, 16055 
849118165456.192749, 16056 
28672.044158, 16057 
849118165462.002808, 16058 
28677.852154, 16059 
849118165467.791870, 16060 
28683.656693, 16061 
849118165473.580811, 16062 
28689.453125, 16063 
849118165479.386963, 16064 
28695.282102, 16065 
849118165485.194824, 16066 
28701.111555, 16067 
849118165490.989502, 16068 
28706.925511, 16069 
849118165496.797974, 16070 
28712.728500, 16071 
849118165502.588501, 16072 
28718.506932, 16073 
849118165508.645630, 16074 
28724.331498, 16075 
849118165514.427612, 16076 
28730.124474, 16077 
849118165520.207031, 16078 
28735.909462, 16079 
849118165526.001099, 16080 
28741.682887, 16081 
849118165531.801514, 16082 
28747.488379, 16083 
849118165537.601074, 16084 
28753.284335, 16085 
849118165543.356689, 16086 
28759.091854, 16087 
849118165549.130615, 16088 
28764.894366, 16089 
849118165554.918091, 16090 
28770.683289, 16091 
849118165560.715698, 16092 
28776.478767, 16093 
849118165566.506226, 16094 
28782.268286, 16095 
849118165572.281738, 16096 
28788.032293, 16097 
849118165578.061768, 16098 
28793.823838, 16099 
849118165583.830078, 16100 
28799.612880, 16101 
849118165589.591553, 16102 
28805.401325, 16103 
849118165595.369141, 16104 
28811.162233, 16105 
849118165601.133789, 16106 
28816.929221, 16107 
849118165606.916260, 16108 
28822.699189, 16109 
849118165612.697388, 16110 
28828.476667, 16111 
849118165618.502441, 16112 
28834.276676, 16113 
849118165624.294312, 16114 
28840.069175, 16115 
849118165630.073242, 16116 
28845.878720, 16117 
849118165635.849854, 16118 
28851.721168, 16119 
849118165641.653809, 16120 
28857.514739, 16121 
849118165647.461304, 16122 
28863.299251, 16123 
849118165653.257324, 16124 
28869.112253, 16125 
849118165659.038330, 16126 
28874.924183, 16127 
849118165664.855835, 16128 
28880.731106, 16129 
849118165670.673340, 16130 
28886.521578, 16131 
849118165676.489502, 16132 
28892.341495, 16133 
849118165682.290527, 16134 
28898.167968, 16135 
849118165688.090088, 16136 
28903.986931, 16137 
849118165693.946045, 16138 
28909.793377, 16139 
849118165699.746094, 16140 
28915.604830, 16141 
849118165705.551636, 16142 
28921.428919, 16143 
849118165711.369019, 16144 
28927.240014, 16145 
849118165717.195068, 16146 
28933.042407, 16147 
849118165723.007935, 16148 
28938.862443, 16149 
849118165728.812622, 16150 
28944.682479, 16151 
849118165734.632935, 16152 
28950.482488, 16153 
849118165740.458496, 16154 
28956.295013, 16155 
849118165746.269531, 16156 
28962.111592, 16157 
849118165752.071411, 16158 
28967.936158, 16159 
849118165757.881226, 16160 
28973.726273, 16161 
849118165763.706177, 16162 
28979.521275, 16163 
849118165769.514648, 16164 
28985.324860, 16165 
849118165775.304199, 16166 
28991.154790, 16167 
849118165781.096191, 16168 
28996.968269, 16169 
849118165786.925293, 16170 
29002.764344, 16171 
849118165792.750488, 16172 
29008.587956, 16173 
849118165798.556030, 16174 
29014.418364, 16175 
849118165804.388062, 16176 
29020.243883, 16177 
849118165810.217651, 16178 
29026.060343, 16179 
849118165816.041016, 16180 
29031.880856, 16181 
849118165821.854614, 16182 
29037.691951, 16183 
849118165827.683105, 16184 
29043.498874, 16185 
849118165833.497192, 16186 
29049.307346, 16187 
849118165839.305664, 16188 
29055.134416, 16189 
849118165845.113037, 16190 
29060.948014, 16191 
849118165850.935547, 16192 
29066.758513, 16193 
849118165856.755981, 16194 
29072.566986, 16195 
849118165862.550537, 16196 
29078.385949, 16197 
849118165868.392578, 16198 
29084.183931, 16199 
849118165874.211060, 16200 
29089.985371, 16201 
849118165880.022705, 16202 
29095.795393, 16203 
849118165885.824585, 16204 
29101.606965, 16205 
849118165891.629517, 16206 
29107.417941, 16207 
849118165897.438110, 16208 
29113.212943, 16209 
849118165903.246948, 16210 
29119.006515, 16211 
849118165909.067017, 16212 
29124.826431, 16213 
849118165914.879517, 16214 
29130.644441, 16215 
849118165920.695557, 16216 
29136.451960, 16217 
849118165926.514038, 16218 
29142.301440, 16219 
849118165932.320679, 16220 
29148.117423, 16221 
849118165938.124023, 16222 
29153.927445, 16223 
849118165943.913574, 16224 
29159.733891, 16225 
849118165949.734619, 16226 
29165.543914, 16227 
849118165955.520996, 16228 
29171.351910, 16229 
849118165961.321045, 16230 
29177.197337, 16231 
849118165967.136108, 16232 
29183.005810, 16233 
849118165972.958252, 16234 
29188.863277, 16235 
849118165978.759155, 16236 
29194.722295, 16237 
849118165984.574219, 16238 
29200.529814, 16239 
849118165990.401733, 16240 
29206.351757, 16241 
849118165996.223633, 16242 
29212.186337, 16243 
849118166002.034180, 16244 
29218.009830, 16245 
849118166007.843628, 16246 
29223.807931, 16247 
849118166013.672607, 16248 
29229.616880, 16249 
849118166019.478638, 16250 
29235.448837, 16251 
849118166025.280151, 16252 
29241.267323, 16253 
849118166031.088257, 16254 
29247.081280, 16255 
849118166036.920654, 16256 
29252.912283, 16257 
849118166042.743774, 16258 
29258.752346, 16259 
849118166048.592651, 16260 
29264.581323, 16261 
849118166054.462646, 16262 
29270.417333, 16263 
849118166060.292114, 16264 
29276.271343, 16265 
849118166066.121094, 16266 
29282.103419, 16267 
849118166071.969727, 16268 
29287.960410, 16269 
849118166077.792603, 16270 
29293.781877, 16271 
849118166083.645508, 16272 
29299.616933, 16273 
849118166089.462524, 16274 
29305.447936, 16275 
849118166095.272461, 16276 
29311.295509, 16277 
849118166101.114014, 16278 
29317.122459, 16279 
849118166106.961426, 16280 
29322.970510, 16281 
849118166112.815552, 16282 
29328.820944, 16283 
849118166118.665161, 16284 
29334.654450, 16285 
849118166124.484985, 16286 
29340.507507, 16287 
849118166130.324951, 16288 
29346.325517, 16289 
849118166136.157959, 16290 
29352.164507, 16291 
849118166141.986938, 16292 
29358.010530, 16293 
849118166147.822998, 16294 
29363.835573, 16295 
849118166153.668457, 16296 
29369.681597, 16297 
849118166159.497314, 16298 
29375.515580, 16299 
849118166165.331909, 16300 
29381.329060, 16301 
849118166171.167969, 16302 
29387.160540, 16303 
849118166177.018433, 16304 
29393.014073, 16305 
849118166182.882812, 16306 
29398.844123, 16307 
849118166188.731934, 16308 
29404.698610, 16309 
849118166194.576904, 16310 
29410.531163, 16311 
849118166200.416870, 16312 
29416.363239, 16313 
849118166206.261230, 16314 
29422.218204, 16315 
849118166212.119385, 16316 
29428.069115, 16317 
849118166217.968384, 16318 
29433.934212, 16319 
849118166223.793701, 16320 
29439.788699, 16321 
849118166229.638428, 16322 
29445.614696, 16323 
849118166235.526733, 16324 
29451.544642, 16325 
849118166241.387329, 16326 
29457.385182, 16327 
849118166247.219727, 16328 
29463.240147, 16329 
849118166253.060303, 16330 
29469.066143, 16331 
849118166258.915283, 16332 
29474.913239, 16333 
849118166264.733765, 16334 
29480.773211, 16335 
849118166270.580200, 16336 
29486.613154, 16337 
849118166276.427368, 16338 
29492.458582, 16339 
849118166282.252930, 16340 
29498.298645, 16341 
849118166288.092896, 16342 
29504.136205, 16343 
849118166293.934326, 16344 
29509.963155, 16345 
849118166299.750366, 16346 
29515.807629, 16347 
849118166305.619385, 16348 
29521.640182, 16349 
849118166311.488281, 16350 
29527.493715, 16351 
849118166317.307861, 16352 
29533.301711, 16353 
849118166323.150757, 16354 
29539.132714, 16355 
849118166328.969238, 16356 
29544.976711, 16357 
849118166334.781738, 16358 
29550.805688, 16359 
849118166340.612793, 16360 
29556.621194, 16361 
849118166346.430786, 16362 
29562.453747, 16363 
849118166352.252686, 16364 
29568.281770, 16365 
849118166358.076294, 16366 
29574.096322, 16367 
849118166363.895630, 16368 
29579.949856, 16369 
849118166369.721191, 16370 
29585.793853, 16371 
849118166375.567627, 16372 
29591.631293, 16373 
849118166381.422729, 16374 
29597.482800, 16375 
849118166387.255127, 16376 
29603.319764, 16377 
849118166393.111694, 16378 
29609.146237, 16379 
849118166398.951782, 16380 
29615.007758, 16381 
849118166404.788696, 16382 
29620.841742, 16383 
849118166410.664795, 16384 
29626.716733, 16385 
849118166416.517212, 16386 
29632.563233, 16387 
849118166422.380249, 16388 
29638.415813, 16389 
849118166428.233765, 16390 
29644.292712, 16391 
849118166434.108765, 16392 
29650.161743, 16393 
849118166439.952271, 16394 
29656.008720, 16395 
849118166445.816772, 16396 
29661.871195, 16397 
849118166451.685303, 16398 
29667.744160, 16399 
849118166457.553833, 16400 
29673.589587, 16401 
849118166463.475952, 16402 
29679.474592, 16403 
849118166469.345459, 16404 
29685.316563, 16405 
849118166475.211426, 16406 
29691.188097, 16407 
849118166481.092407, 16408 
29697.058558, 16409 
849118166486.956543, 16410 
29702.916026, 16411 
849118166492.813965, 16412 
29708.778024, 16413 
849118166498.680908, 16414 
29714.642048, 16415 
849118166504.530029, 16416 
29720.525503, 16417 
849118166510.403931, 16418 
29726.404548, 16419 
849118166516.255493, 16420 
29732.259989, 16421 
849118166522.126587, 16422 
29738.117933, 16423 
849118166527.985107, 16424 
29743.991852, 16425 
849118166533.842163, 16426 
29749.847770, 16427 
849118166539.719238, 16428 
29755.714297, 16429 
849118166545.578735, 16430 
29761.578321, 16431 
849118166551.461182, 16432 
29767.471313, 16433 
849118166557.324097, 16434 
29773.324847, 16435 
849118166563.207642, 16436 
29779.220343, 16437 
849118166569.077148, 16438 
29785.086870, 16439 
849118166574.965088, 16440 
29790.976405, 16441 
849118166580.843018, 16442 
29796.831965, 16443 
849118166586.738525, 16444 
29802.728891, 16445 
849118166592.630615, 16446 
29808.594823, 16447 
849118166598.509155, 16448 
29814.467311, 16449 
849118166604.378784, 16450 
29820.339322, 16451 
849118166610.254639, 16452 
29826.223850, 16453 
849118166616.126709, 16454 
29832.122803, 16455 
849118166622.000122, 16456 
29838.023305, 16457 
849118166627.881714, 16458 
29843.886852, 16459 
849118166633.751587, 16460 
29849.773407, 16461 
849118166639.648560, 16462 
29855.647445, 16463 
849118166645.516113, 16464 
29861.520410, 16465 
849118166651.417603, 16466 
29867.407918, 16467 
849118166657.275513, 16468 
29873.270392, 16469 
849118166663.155029, 16470 
29879.131436, 16471 
849118166669.022583, 16472 
29885.003924, 16473 
849118166674.901123, 16474 
29890.884876, 16475 
849118166680.769653, 16476 
29896.756291, 16477 
849118166686.653320, 16478 
29902.631283, 16479 
849118166692.508301, 16480 
29908.500314, 16481 
849118166698.374146, 16482 
29914.351344, 16483 
849118166704.248657, 16484 
29920.240283, 16485 
849118166710.122681, 16486 
29926.097274, 16487 
849118166715.994751, 16488 
29931.964755, 16489 
849118166721.861206, 16490 
29937.818289, 16491 
849118166727.721191, 16492 
29943.683743, 16493 
849118166733.680298, 16494 
29949.581265, 16495 
849118166739.557251, 16496 
29955.607772, 16497 
849118166745.474243, 16498 
29961.491227, 16499 
849118166751.378296, 16500 
29967.376709, 16501 
849118166757.251221, 16502 
29973.274708, 16503 
849118166763.132324, 16504 
29979.149222, 16505 
849118166768.996826, 16506 
29985.047221, 16507 
849118166774.883789, 16508 
29990.925312, 16509 
849118166780.759644, 16510 
29996.795774, 16511 
849118166786.654297, 16512 
30002.690792, 16513 
849118166792.526245, 16514 
30008.577704, 16515 
849118166798.444214, 16516 
30014.474750, 16517 
849118166804.351318, 16518 
30020.349264, 16519 
849118166810.237305, 16520 
30026.234269, 16521 
849118166816.126221, 16522 
30032.112241, 16523 
849118166822.015259, 16524 
30038.031220, 16525 
849118166827.905762, 16526 
30043.906689, 16527 
849118166833.779785, 16528 
30049.801707, 16529 
849118166839.675781, 16530 
30055.688739, 16531 
849118166845.560303, 16532 
30061.593175, 16533 
849118166851.479370, 16534 
30067.502260, 16535 
849118166857.374878, 16536 
30073.395252, 16537 
849118166863.246216, 16538 
30079.354763, 16539 
849118166869.226318, 16540 
30085.299253, 16541 
849118166875.260742, 16542 
30091.237783, 16543 
849118166881.267212, 16544 
30097.182274, 16545 
849118166887.283203, 16546 
30103.124261, 16547 
849118166893.259766, 16548 
30109.037757, 16549 
849118166899.148682, 16550 
30114.935756, 16551 
849118166905.035278, 16552 
30120.813251, 16553 
849118166910.903687, 16554 
30126.701832, 16555 
849118166916.802124, 16556 
30132.597804, 16557 
849118166922.686768, 16558 
30138.473749, 16559 
849118166928.608276, 16560 
30144.411206, 16561 
849118166934.504761, 16562 
30150.307298, 16563 
849118166940.413208, 16564 
30156.222224, 16565 
849118166946.327759, 16566 
30162.125707, 16567 
849118166952.222778, 16568 
30168.032169, 16569 
849118166958.120361, 16570 
30174.161196, 16571 
849118166964.167358, 16572 
30180.354118, 16573 
849118166970.359985, 16574 
30186.551094, 16575 
849118166976.512451, 16576 
30192.604065, 16577 
849118166982.461060, 16578 
30198.513985, 16579 
849118166988.376587, 16580 
30204.438448, 16581 
849118166994.268066, 16582 
30210.353971, 16583 
849118167000.190063, 16584 
30216.273427, 16585 
849118167006.101562, 16586 
30222.181916, 16587 
849118167012.005127, 16588 
30228.073359, 16589 
849118167017.919678, 16590 
30233.995795, 16591 
849118167023.822632, 16592 
30239.899278, 16593 
849118167029.722290, 16594 
30245.825768, 16595 
849118167035.631714, 16596 
30251.739740, 16597 
849118167041.535767, 16598 
30257.632256, 16599 
849118167047.443848, 16600 
30263.552785, 16601 
849118167053.369751, 16602 
30269.458771, 16603 
849118167059.264771, 16604 
30275.354266, 16605 
849118167065.187256, 16606 
30281.268239, 16607 
849118167071.072266, 16608 
30287.158251, 16609 
849118167076.963867, 16610 
30293.075204, 16611 
849118167082.877197, 16612 
30298.974276, 16613 
849118167088.768677, 16614 
30304.871798, 16615 
849118167094.677734, 16616 
30310.768843, 16617 
849118167100.576172, 16618 
30316.660881, 16619 
849118167106.466187, 16620 
30322.565794, 16621 
849118167112.370239, 16622 
30328.452229, 16623 
849118167118.266235, 16624 
30334.358811, 16625 
849118167124.199097, 16626 
30340.286851, 16627 
849118167130.123169, 16628 
30346.183419, 16629 
849118167136.017578, 16630 
30352.104425, 16631 
849118167141.937622, 16632 
30358.026862, 16633 
849118167147.850098, 16634 
30363.937378, 16635 
849118167153.764160, 16636 
30369.855881, 16637 
849118167159.693115, 16638 
30375.773430, 16639 
849118167165.641113, 16640 
30381.693482, 16641 
849118167171.561035, 16642 
30387.712955, 16643 
849118167177.607056, 16644 
30393.766403, 16645 
849118167183.568604, 16646 
30399.702430, 16647 
849118167189.487183, 16648 
30405.647397, 16649 
849118167195.420654, 16650 
30411.581874, 16651 
849118167201.364624, 16652 
30417.499423, 16653 
849118167207.282959, 16654 
30423.396468, 16655 
849118167213.227905, 16656 
30429.358006, 16657 
849118167219.168945, 16658 
30435.284972, 16659 
849118167225.100586, 16660 
30441.195488, 16661 
849118167231.014404, 16662 
30447.133541, 16663 
849118167236.958496, 16664 
30453.089952, 16665 
849118167243.383423, 16666 
30459.177971, 16667 
849118167249.834106, 16668 
30465.186477, 16669 
849118167255.795410, 16670 
30471.125007, 16671 
849118167261.723511, 16672 
30477.033496, 16673 
849118167267.641968, 16674 
30482.964516, 16675 
849118167273.573486, 16676 
30488.901019, 16677 
849118167279.525513, 16678 
30494.823456, 16679 
849118167285.432983, 16680 
30500.741959, 16681 
849118167291.361572, 16682 
30506.681442, 16683 
849118167297.296631, 16684 
30512.620449, 16685 
849118167303.222168, 16686 
30518.542886, 16687 
849118167309.131592, 16688 
30524.575830, 16689 
849118167315.160156, 16690 
30530.593872, 16691 
849118167321.142090, 16692 
30536.590457, 16693 
849118167327.148560, 16694 
30542.579412, 16695 
849118167333.116577, 16696 
30548.540950, 16697 
849118167339.087036, 16698 
30554.524541, 16699 
849118167345.054565, 16700 
30560.500979, 16701 
849118167351.021606, 16702 
30566.471457, 16703 
849118167357.013550, 16704 
30572.450876, 16705 
849118167363.004517, 16706 
30578.437448, 16707 
849118167368.982056, 16708 
30584.461927, 16709 
849118167374.970093, 16710 
30590.423942, 16711 
849118167380.938965, 16712 
30596.410513, 16713 
849118167386.913574, 16714 
30602.365971, 16715 
849118167392.888550, 16716 
30608.337998, 16717 
849118167398.861084, 16718 
30614.329934, 16719 
849118167404.842529, 16720 
30620.304942, 16721 
849118167410.838623, 16722 
30626.299381, 16723 
849118167416.824585, 16724 
30632.282376, 16725 
849118167422.801636, 16726 
30638.265371, 16727 
849118167428.786133, 16728 
30644.245863, 16729 
849118167434.770630, 16730 
30650.242448, 16731 
849118167440.745605, 16732 
30656.223416, 16733 
849118167446.735107, 16734 
30662.213922, 16735 
849118167452.682617, 16736 
30668.151379, 16737 
849118167458.641724, 16738 
30674.113393, 16739 
849118167464.630127, 16740 
30680.063367, 16741 
849118167470.575684, 16742 
30686.034799, 16743 
849118167476.544678, 16744 
30691.993237, 16745 
849118167482.521729, 16746 
30697.949767, 16747 
849118167488.484741, 16748 
30703.914762, 16749 
849118167494.437622, 16750 
30709.859252, 16751 
849118167500.388672, 16752 
30715.813756, 16753 
849118167506.346680, 16754 
30721.781850, 16755 
849118167512.328613, 16756 
30727.759361, 16757 
849118167518.298584, 16758 
30733.732343, 16759 
849118167524.271606, 16760 
30739.708900, 16761 
849118167530.251709, 16762 
30745.687366, 16763 
849118167536.223145, 16764 
30751.663804, 16765 
849118167542.199219, 16766 
30757.626772, 16767 
849118167548.174316, 16768 
30763.612747, 16769 
849118167554.163208, 16770 
30769.602299, 16771 
849118167560.137085, 16772 
30775.572896, 16773 
849118167566.117065, 16774 
30781.545401, 16775 
849118167572.093628, 16776 
30787.534356, 16777 
849118167578.083618, 16778 
30793.519855, 16779 
849118167584.079224, 16780 
30799.519897, 16781 
849118167590.072632, 16782 
30805.516839, 16783 
849118167596.057129, 16784 
30811.521769, 16785 
849118167602.033691, 16786 
30817.495227, 16787 
849118167608.011230, 16788 
30823.469758, 16789 
849118167613.990112, 16790 
30829.464793, 16791 
849118167619.973633, 16792 
30835.442781, 16793 
849118167625.941772, 16794 
30841.412306, 16795 
849118167631.903198, 16796 
30847.379327, 16797 
849118167637.860596, 16798 
30853.341341, 16799 
849118167643.840210, 16800 
30859.344840, 16801 
849118167649.816650, 16802 
30865.322351, 16803 
849118167655.819214, 16804 
30871.295333, 16805 
849118167661.812134, 16806 
30877.280354, 16807 
849118167667.807617, 16808 
30883.275270, 16809 
849118167673.807251, 16810 
30889.259696, 16811 
849118167679.812256, 16812 
30895.242214, 16813 
849118167685.801758, 16814 
30901.229262, 16815 
849118167691.804199, 16816 
30907.221675, 16817 
849118167697.808838, 16818 
30913.218617, 16819 
849118167703.815918, 16820 
30919.213057, 16821 
849118167709.808472, 16822 
30925.212026, 16823 
849118167715.817017, 16824 
30931.210041, 16825 
849118167721.810547, 16826 
30937.206984, 16827 
849118167727.814575, 16828 
30943.197489, 16829 
849118167733.813477, 16830 
30949.198008, 16831 
849118167739.801025, 16832 
30955.190897, 16833 
849118167745.781738, 16834 
30961.176872, 16835 
849118167751.774048, 16836 
30967.154384, 16837 
849118167757.755615, 16838 
30973.137856, 16839 
849118167763.729736, 16840 
30979.110837, 16841 
849118167769.715210, 16842 
30985.085845, 16843 
849118167775.684692, 16844 
30991.059780, 16845 
849118167781.641235, 16846 
30997.042775, 16847 
849118167787.618652, 16848 
31003.032684, 16849 
849118167793.611328, 16850 
31009.021759, 16851 
849118167799.613647, 16852 
31015.024304, 16853 
849118167805.603149, 16854 
31021.024346, 16855 
849118167811.616211, 16856 
31027.019262, 16857 
849118167817.611694, 16858 
31033.023357, 16859 
849118167823.613159, 16860 
31039.040804, 16861 
849118167829.615723, 16862 
31045.034766, 16863 
849118167835.587769, 16864 
31051.012754, 16865 
849118167841.555664, 16866 
31056.993842, 16867 
849118167847.544189, 16868 
31062.971830, 16869 
849118167853.512695, 16870 
31068.933845, 16871 
849118167859.482666, 16872 
31074.913383, 16873 
849118167865.463623, 16874 
31081.058860, 16875 
849118167871.441528, 16876 
31087.037444, 16877 
849118167877.422974, 16878 
31093.004942, 16879 
849118167883.405518, 16880 
31098.980427, 16881 
849118167889.394531, 16882 
31104.977012, 16883 
849118167895.376465, 16884 
31110.966086, 16885 
849118167901.377930, 16886 
31116.958141, 16887 
849118167907.351807, 16888 
31122.946620, 16889 
849118167913.338867, 16890 
31128.920078, 16891 
849118167919.316406, 16892 
31134.885550, 16893 
849118167925.301514, 16894 
31140.889525, 16895 
849118167931.301025, 16896 
31146.878004, 16897 
849118167937.303589, 16898 
31152.886987, 16899 
849118167943.300903, 16900 
31158.884048, 16901 
849118167949.278442, 16902 
31164.885044, 16903 
849118167955.272461, 16904 
31170.885563, 16905 
849118167961.272949, 16906 
31176.923513, 16907 
849118167967.276367, 16908 
31182.934046, 16909 
849118167973.290405, 16910 
31188.928008, 16911 
849118167979.290894, 16912 
31194.938064, 16913 
849118167985.294434, 16914 
31200.921059, 16915 
849118167991.307495, 16916 
31206.906557, 16917 
849118167997.302856, 16918 
31212.914586, 16919 
849118168003.295898, 16920 
31218.903661, 16921 
849118168009.295410, 16922 
31224.895597, 16923 
849118168015.273926, 16924 
31230.889082, 16925 
849118168021.259888, 16926 
31236.898541, 16927 
849118168027.269531, 16928 
31242.899060, 16929 
849118168033.264404, 16930 
31248.885155, 16931 
849118168039.271362, 16932 
31254.880190, 16933 
849118168045.275391, 16934 
31260.909677, 16935 
849118168051.273315, 16936 
31266.921639, 16937 
849118168057.259888, 16938 
31272.924542, 16939 
849118168063.246582, 16940 
31278.918505, 16941 
849118168069.242065, 16942 
31284.909487, 16943 
849118168075.254517, 16944 
31290.906429, 16945 
849118168081.257202, 16946 
31296.900392, 16947 
849118168087.261597, 16948 
31302.912474, 16949 
849118168093.278564, 16950 
31308.917999, 16951 
849118168099.284546, 16952 
31314.927936, 16953 
849118168105.280029, 16954 
31320.932984, 16955 
849118168111.284912, 16956 
31326.936483, 16957 
849118168117.302612, 16958 
31332.940936, 16959 
849118168123.326904, 16960 
31338.919997, 16961 
849118168129.317627, 16962 
31344.901443, 16963 
849118168135.298706, 16964 
31350.893855, 16965 
849118168141.311157, 16966 
31356.932878, 16967 
849118168147.293579, 16968 
31362.913489, 16969 
849118168153.306885, 16970 
31368.916035, 16971 
849118168159.291992, 16972 
31374.901056, 16973 
849118168165.293945, 16974 
31380.891085, 16975 
849118168171.310913, 16976 
31386.889577, 16977 
849118168177.321899, 16978 
31392.903566, 16979 
849118168183.325928, 16980 
31398.904562, 16981 
849118168189.322876, 16982 
31404.892564, 16983 
849118168195.328857, 16984 
31410.889506, 16985 
849118168201.347046, 16986 
31416.888952, 16987 
849118168207.339478, 16988 
31422.892928, 16989 
849118168213.343628, 16990 
31428.875327, 16991 
849118168219.330688, 16992 
31434.870362, 16993 
849118168225.334595, 16994 
31440.878391, 16995 
849118168231.326172, 16996 
31446.884394, 16997 
849118168237.343140, 16998 
31452.874899, 16999 
849118168243.330078, 17000 
31458.920836, 17001 
849118168249.386719, 17002 
31464.989781, 17003 
849118168255.430176, 17004 
31470.983267, 17005 
849118168261.444214, 17006 
31476.988792, 17007 
849118168267.448242, 17008 
31482.998848, 17009 
849118168273.461060, 17010 
31489.017844, 17011 
849118168279.472168, 17012 
31495.021343, 17013 
849118168285.487183, 17014 
31501.030326, 17015 
849118168291.486084, 17016 
31507.035375, 17017 
849118168297.496582, 17018 
31513.037324, 17019 
849118168303.487671, 17020 
31519.044876, 17021 
849118168309.500610, 17022 
31525.051951, 17023 
849118168315.524170, 17024 
31531.055927, 17025 
849118168321.520996, 17026 
31537.055492, 17027 
849118168327.527466, 17028 
31543.062925, 17029 
849118168333.535522, 17030 
31549.070954, 17031 
849118168339.544067, 17032 
31555.074453, 17033 
849118168345.561035, 17034 
31561.100483, 17035 
849118168351.583984, 17036 
31567.117095, 17037 
849118168357.598511, 17038 
31573.123097, 17039 
849118168363.580322, 17040 
31579.126120, 17041 
849118168369.584351, 17042 
31585.130215, 17043 
849118168375.586792, 17044 
31591.142774, 17045 
849118168381.581177, 17046 
31597.143769, 17047 
849118168387.605225, 17048 
31603.153348, 17049 
849118168393.608032, 17050 
31609.145403, 17051 
849118168399.597656, 17052 
31615.146399, 17053 
849118168405.598633, 17054 
31621.152878, 17055 
849118168411.589111, 17056 
31627.156377, 17057 
849118168417.594604, 17058 
31633.177876, 17059 
849118168423.608643, 17060 
31639.186859, 17061 
849118168429.617676, 17062 
31645.197868, 17063 
849118168435.625610, 17064 
31651.208878, 17065 
849118168441.646606, 17066 
31657.229900, 17067 
849118168447.670044, 17068 
31663.259864, 17069 
849118168453.672607, 17070 
31669.275880, 17071 
849118168459.687622, 17072 
31675.325394, 17073 
849118168465.738647, 17074 
31681.379318, 17075 
849118168471.758179, 17076 
31687.417388, 17077 
849118168477.792603, 17078 
31693.467379, 17079 
849118168483.824097, 17080 
31699.500322, 17081 
849118168489.846313, 17082 
31705.547810, 17083 
849118168495.875244, 17084 
31711.582780, 17085 
849118168501.906738, 17086 
31717.610240, 17087 
849118168507.924316, 17088 
31723.621130, 17089 
849118168513.938477, 17090 
31729.639053, 17091 
849118168519.964966, 17092 
31735.653043, 17093 
849118168525.988037, 17094 
31741.666555, 17095 
849118168532.001587, 17096 
31747.669458, 17097 
849118168538.024536, 17098 
31753.670931, 17099 
849118168544.027100, 17100 
31759.678364, 17101 
849118168550.063110, 17102 
31765.684366, 17103 
849118168556.085571, 17104 
31771.698356, 17105 
849118168562.116089, 17106 
31777.709842, 17107 
849118168568.140625, 17108 
31783.724427, 17109 
849118168574.160522, 17110 
31789.755464, 17111 
849118168580.175537, 17112 
31795.783520, 17113 
849118168586.212036, 17114 
31801.814914, 17115 
849118168592.230591, 17116 
31807.842493, 17117 
849118168598.257080, 17118 
31813.877463, 17119 
849118168604.278076, 17120 
31819.908857, 17121 
849118168610.303223, 17122 
31825.924873, 17123 
849118168616.331543, 17124 
31831.943870, 17125 
849118168622.336548, 17126 
31837.965846, 17127 
849118168628.346680, 17128 
31843.988299, 17129 
849118168634.371704, 17130 
31850.005746, 17131 
849118168640.384766, 17132 
31856.014729, 17133 
849118168646.414795, 17134 
31862.018228, 17135 
849118168652.444214, 17136 
31868.062258, 17137 
849118168658.471680, 17138 
31874.081254, 17139 
849118168664.497192, 17140 
31880.104780, 17141 
849118168670.532227, 17142 
31886.150241, 17143 
849118168676.557861, 17144 
31892.211676, 17145 
849118168682.589355, 17146 
31898.243666, 17147 
849118168688.605713, 17148 
31904.275656, 17149 
849118168694.632935, 17150 
31910.305619, 17151 
849118168700.666382, 17152 
31916.335106, 17153 
849118168706.700439, 17154 
31922.368050, 17155 
849118168712.749023, 17156 
31928.411484, 17157 
849118168718.786499, 17158 
31934.442043, 17159 
849118168724.818481, 17160 
31940.469027, 17161 
849118168730.865479, 17162 
31946.504474, 17163 
849118168736.905029, 17164 
31952.538490, 17165 
849118168742.974487, 17166 
31958.570480, 17167 
849118168749.015015, 17168 
31964.603543, 17169 
849118168755.066406, 17170 
31970.636010, 17171 
849118168761.094482, 17172 
31976.661563, 17173 
849118168767.126343, 17174 
31982.685566, 17175 
849118168773.152466, 17176 
31988.739014, 17177 
849118168779.175903, 17178 
31994.763017, 17179 
849118168785.208008, 17180 
32000.792980, 17181 
849118168791.243530, 17182 
32006.819487, 17183 
849118168797.273071, 17184 
32012.847424, 17185 
849118168803.318604, 17186 
32018.876433, 17187 
849118168809.346558, 17188 
32024.900913, 17189 
849118168815.377686, 17190 
32030.929446, 17191 
849118168821.410034, 17192 
32036.956906, 17193 
849118168827.437134, 17194 
32042.993426, 17195 
849118168833.457642, 17196 
32049.027443, 17197 
849118168839.493042, 17198 
32055.066466, 17199 
849118168845.539062, 17200 
32061.119437, 17201 
849118168851.588623, 17202 
32067.148924, 17203 
849118168857.633179, 17204 
32073.199391, 17205 
849118168863.676758, 17206 
32079.254389, 17207 
849118168869.724609, 17208 
32085.311413, 17209 
849118168875.803101, 17210 
32091.350436, 17211 
849118168881.843140, 17212 
32097.396374, 17213 
849118168887.878662, 17214 
32103.442311, 17215 
849118168893.917236, 17216 
32109.490752, 17217 
849118168899.942749, 17218 
32115.523219, 17219 
849118168905.989746, 17220 
32121.555686, 17221 
849118168912.037354, 17222 
32127.598166, 17223 
849118168918.073242, 17224 
32133.634686, 17225 
849118168924.108887, 17226 
32139.674664, 17227 
849118168930.160278, 17228 
32145.720720, 17229 
849118168936.207275, 17230 
32151.756167, 17231 
849118168942.255859, 17232 
32157.818675, 17233 
849118168948.300415, 17234 
32163.875580, 17235 
849118168954.347900, 17236 
32169.906974, 17237 
849118168960.378052, 17238 
32175.970912, 17239 
849118168966.440186, 17240 
32182.012916, 17241 
849118168972.483032, 17242 
32188.053012, 17243 
849118168978.539429, 17244 
32194.125056, 17245 
849118168984.591919, 17246 
32200.168490, 17247 
849118168990.630127, 17248 
32206.223488, 17249 
849118168996.671997, 17250 
32212.261915, 17251 
849118169002.713013, 17252 
32218.307972, 17253 
849118169008.746948, 17254 
32224.353075, 17255 
849118169014.794556, 17256 
32230.395555, 17257 
849118169020.821899, 17258 
32236.438036, 17259 
849118169026.873901, 17260 
32242.478013, 17261 
849118169032.914062, 17262 
32248.520017, 17263 
849118169038.955444, 17264 
32254.575491, 17265 
849118169045.010010, 17266 
32260.636568, 17267 
849118169051.063354, 17268 
32266.710043, 17269 
849118169057.115967, 17270 
32272.761583, 17271 
849118169063.171387, 17272 
32278.815627, 17273 
849118169069.228882, 17274 
32284.877658, 17275 
849118169075.284424, 17276 
32290.942669, 17277 
849118169081.336792, 17278 
32296.986699, 17279 
849118169087.387329, 17280 
32303.067207, 17281 
849118169093.459229, 17282 
32309.143782, 17283 
849118169099.526733, 17284 
32315.215707, 17285 
849118169105.596313, 17286 
32321.276188, 17287 
849118169111.673340, 17288 
32327.340126, 17289 
849118169117.786499, 17290 
32333.433151, 17291 
849118169123.866333, 17292 
32339.509726, 17293 
849118169129.948242, 17294 
32345.577240, 17295 
849118169136.023315, 17296 
32351.658225, 17297 
849118169142.103271, 17298 
32357.745647, 17299 
849118169148.179932, 17300 
32363.844156, 17301 
849118169154.264404, 17302 
32369.931698, 17303 
849118169160.338867, 17304 
32376.006722, 17305 
849118169166.424316, 17306 
32382.062674, 17307 
849118169172.504395, 17308 
32388.149142, 17309 
849118169178.588013, 17310 
32394.228578, 17311 
849118169184.639893, 17312 
32400.311589, 17313 
849118169190.716309, 17314 
32406.381130, 17315 
849118169196.781860, 17316 
32412.473083, 17317 
849118169202.861328, 17318 
32418.549061, 17319 
849118169208.916992, 17320 
32424.630642, 17321 
849118169214.997437, 17322 
32430.716038, 17323 
849118169221.088379, 17324 
32436.804056, 17325 
849118169227.156006, 17326 
32442.878127, 17327 
849118169233.239868, 17328 
32448.974133, 17329 
849118169239.326416, 17330 
32455.067635, 17331 
849118169245.405396, 17332 
32461.154222, 17333 
849118169251.496826, 17334 
32467.252731, 17335 
849118169257.569824, 17336 
32473.340750, 17337 
849118169263.650757, 17338 
32479.423761, 17339 
849118169269.735718, 17340 
32485.513806, 17341 
849118169275.825195, 17342 
32491.606355, 17343 
849118169281.902100, 17344 
32497.679353, 17345 
849118169288.006104, 17346 
32503.762841, 17347 
849118169294.081177, 17348 
32509.852767, 17349 
849118169300.154663, 17350 
32515.936255, 17351 
849118169306.234253, 17352 
32522.022724, 17353 
849118169312.310913, 17354 
32528.098702, 17355 
849118169318.380249, 17356 
32534.189701, 17357 
849118169324.511353, 17358 
32540.323734, 17359 
849118169330.593750, 17360 
32546.379209, 17361 
849118169336.660767, 17362 
32552.453756, 17363 
849118169342.742188, 17364 
32558.536291, 17365 
849118169348.828125, 17366 
32564.621329, 17367 
849118169354.904175, 17368 
32570.698857, 17369 
849118169360.980591, 17370 
32576.773882, 17371 
849118169367.072632, 17372 
32582.860470, 17373 
849118169373.148560, 17374 
32588.948488, 17375 
849118169379.215454, 17376 
32595.024467, 17377 
849118169385.291504, 17378 
32601.080894, 17379 
849118169391.369507, 17380 
32607.198954, 17381 
849118169397.459473, 17382 
32613.269448, 17383 
849118169403.547974, 17384 
32619.354010, 17385 
849118169409.619385, 17386 
32625.419497, 17387 
849118169415.694946, 17388 
32631.489992, 17389 
849118169421.766113, 17390 
32637.562990, 17391 
849118169427.853394, 17392 
32643.643022, 17393 
849118169433.932983, 17394 
32649.733424, 17395 
849118169440.028442, 17396 
32655.816913, 17397 
849118169446.126099, 17398 
32661.926866, 17399 
849118169452.226196, 17400 
32668.029785, 17401 
849118169458.322144, 17402 
32674.140811, 17403 
849118169464.464233, 17404 
32680.245757, 17405 
849118169470.585693, 17406 
32686.351299, 17407 
849118169476.679199, 17408 
32692.465305, 17409 
849118169482.811279, 17410 
32698.778272, 17411 
849118169489.208252, 17412 
32705.154300, 17413 
849118169495.329712, 17414 
32711.250305, 17415 
849118169501.421143, 17416 
32717.357278, 17417 
849118169507.513794, 17418 
32723.451734, 17419 
849118169513.598267, 17420 
32729.544640, 17421 
849118169519.700928, 17422 
32735.634089, 17423 
849118169525.801880, 17424 
32741.723061, 17425 
849118169531.886475, 17426 
32747.822046, 17427 
849118169537.992920, 17428 
32753.923059, 17429 
849118169544.091919, 17430 
32760.007501, 17431 
849118169550.198608, 17432 
32766.105413, 17433 
849118169556.302612, 17434 
32772.187471, 17435 
849118169562.397583, 17436 
32778.284550, 17437 
849118169568.491455, 17438 
32784.383535, 17439 
849118169574.587524, 17440 
32790.481567, 17441 
849118169580.673950, 17442 
32796.575069, 17443 
849118169586.762939, 17444 
32802.676082, 17445 
849118169592.863403, 17446 
32808.768511, 17447 
849118169598.956909, 17448 
32814.865589, 17449 
849118169605.038818, 17450 
32820.952177, 17451 
849118169611.126709, 17452 
32827.044725, 17453 
849118169617.243286, 17454 
32833.137155, 17455 
849118169623.331299, 17456 
32839.278698, 17457 
849118169629.455322, 17458 
32845.383644, 17459 
849118169635.569336, 17460 
32851.490617, 17461 
849118169641.677002, 17462 
32857.605100, 17463 
849118169647.777954, 17464 
32863.716602, 17465 
849118169653.892456, 17466 
32869.833112, 17467 
849118169659.999878, 17468 
32875.945687, 17469 
849118169666.101807, 17470 
32882.047653, 17471 
849118169672.217773, 17472 
32888.165712, 17473 
849118169678.328735, 17474 
32894.285202, 17475 
849118169684.451294, 17476 
32900.403619, 17477 
849118169690.564331, 17478 
32906.526089, 17479 
849118169696.678833, 17480 
32912.655115, 17481 
849118169702.805908, 17482 
32918.774128, 17483 
849118169708.921875, 17484 
32924.912095, 17485 
849118169715.049438, 17486 
32931.045651, 17487 
849118169721.180298, 17488 
32937.159657, 17489 
849118169727.307251, 17490 
32943.284154, 17491 
849118169733.420776, 17492 
32949.413657, 17493 
849118169739.535767, 17494 
32955.544233, 17495 
849118169745.692749, 17496 
32961.696744, 17497 
849118169751.854736, 17498 
32967.951179, 17499 
849118169758.010864, 17500 
32974.072695, 17501 
849118169764.129761, 17502 
32980.192780, 17503 
849118169770.236206, 17504 
32986.294270, 17505 
849118169776.333740, 17506 
32992.405772, 17507 
849118169782.432739, 17508 
32998.518348, 17509 
849118169788.541626, 17510 
33004.625320, 17511 
849118169794.654663, 17512 
33010.727763, 17513 
849118169800.756226, 17514 
33016.822815, 17515 
849118169806.851807, 17516 
33022.924781, 17517 
849118169812.950806, 17518 
33029.029250, 17519 
849118169819.060791, 17520 
33035.148144, 17521 
849118169825.192749, 17522 
33041.274667, 17523 
849118169831.310913, 17524 
33047.391176, 17525 
849118169837.447266, 17526 
33053.503156, 17527 
849118169843.558838, 17528 
33059.608698, 17529 
849118169849.673340, 17530 
33065.711260, 17531 
849118169855.795654, 17532 
33071.834803, 17533 
849118169861.946289, 17534 
33077.962756, 17535 
849118169868.056763, 17536 
33084.090710, 17537 
849118169874.188232, 17538 
33090.221167, 17539 
849118169880.305298, 17540 
33096.326709, 17541 
849118169886.449341, 17542 
33102.435112, 17543 
849118169892.567871, 17544 
33108.564615, 17545 
849118169898.691895, 17546 
33114.685059, 17547 
849118169904.817505, 17548 
33120.800018, 17549 
849118169910.948975, 17550 
33126.929045, 17551 
849118169917.076904, 17552 
33133.046508, 17553 
849118169923.215088, 17554 
33139.166951, 17555 
849118169929.341553, 17556 
33145.293474, 17557 
849118169935.477539, 17558 
33151.414514, 17559 
849118169941.594482, 17560 
33157.534003, 17561 
849118169947.720459, 17562 
33163.645506, 17563 
849118169953.863037, 17564 
33169.759512, 17565 
849118169959.985474, 17566 
33175.897479, 17567 
849118169966.141479, 17568 
33182.029009, 17569 
849118169972.270996, 17570 
33188.171983, 17571 
849118169978.406006, 17572 
33194.344401, 17573 
849118169984.534180, 17574 
33200.479388, 17575 
849118169990.649536, 17576 
33206.631422, 17577 
849118169996.773071, 17578 
33212.747335, 17579 
849118170002.889526, 17580 
33218.867898, 17581 
849118170009.024048, 17582 
33224.972844, 17583 
849118170015.150269, 17584 
33231.136322, 17585 
849118170021.291138, 17586 
33237.273335, 17587 
849118170027.438721, 17588 
33243.426919, 17589 
849118170033.570068, 17590 
33249.560475, 17591 
849118170039.721558, 17592 
33255.710483, 17593 
849118170045.851074, 17594 
33261.837482, 17595 
849118170051.990601, 17596 
33267.971992, 17597 
849118170058.117432, 17598 
33274.111509, 17599 
849118170064.264526, 17600 
33280.267000, 17601 
849118170070.418091, 17602 
33286.389947, 17603 
849118170076.550537, 17604 
33292.537451, 17605 
849118170082.712524, 17606 
33298.684001, 17607 
849118170088.848877, 17608 
33304.825068, 17609 
849118170095.008301, 17610 
33310.970664, 17611 
849118170101.144409, 17612 
33317.129135, 17613 
849118170107.305908, 17614 
33323.249578, 17615 
849118170113.446411, 17616 
33329.413056, 17617 
849118170119.600830, 17618 
33335.552096, 17619 
849118170125.745972, 17620 
33341.695070, 17621 
849118170131.878906, 17622 
33347.835541, 17623 
849118170138.036499, 17624 
33353.982568, 17625 
849118170144.188965, 17626 
33360.119581, 17627 
849118170150.325439, 17628 
33366.249084, 17629 
849118170156.476318, 17630 
33372.397661, 17631 
849118170162.615234, 17632 
33378.533721, 17633 
849118170168.758301, 17634 
33384.657264, 17635 
849118170174.888184, 17636 
33390.805244, 17637 
849118170181.028198, 17638 
33396.929264, 17639 
849118170187.166626, 17640 
33403.073311, 17641 
849118170193.305176, 17642 
33409.206390, 17643 
849118170199.436768, 17644 
33415.362835, 17645 
849118170205.576660, 17646 
33421.507835, 17647 
849118170211.726196, 17648 
33427.670836, 17649 
849118170217.889282, 17650 
33433.824301, 17651 
849118170224.058838, 17652 
33439.972758, 17653 
849118170230.218384, 17654 
33446.128726, 17655 
849118170236.361206, 17656 
33452.285290, 17657 
849118170242.536255, 17658 
33458.447814, 17659 
849118170248.832153, 17660 
33464.732289, 17661 
849118170255.132202, 17662 
33470.917344, 17663 
849118170261.297119, 17664 
33477.086902, 17665 
849118170267.438599, 17666 
33483.255863, 17667 
849118170273.616699, 17668 
33489.421368, 17669 
849118170279.766113, 17670 
33495.594382, 17671 
849118170285.925659, 17672 
33501.744866, 17673 
849118170292.082764, 17674 
33507.907867, 17675 
849118170298.239136, 17676 
33514.083385, 17677 
849118170304.400635, 17678 
33520.249486, 17679 
849118170310.558960, 17680 
33526.416421, 17681 
849118170316.714600, 17682 
33532.585502, 17683 
849118170322.880493, 17684 
33538.748980, 17685 
849118170329.051025, 17686 
33544.900537, 17687 
849118170335.196533, 17688 
33551.061034, 17689 
849118170341.367065, 17690 
33557.207465, 17691 
849118170347.531982, 17692 
33563.372970, 17693 
849118170353.676025, 17694 
33569.530368, 17695 
849118170359.851074, 17696 
33575.687408, 17697 
849118170366.013062, 17698 
33581.859946, 17699 
849118170372.166504, 17700 
33588.006496, 17701 
849118170378.366943, 17702 
33594.164610, 17703 
849118170384.518921, 17704 
33600.320697, 17705 
849118170390.670288, 17706 
33606.461644, 17707 
849118170396.833374, 17708 
33612.629652, 17709 
849118170402.988770, 17710 
33618.802667, 17711 
849118170409.131348, 17712 
33624.966741, 17713 
849118170415.283203, 17714 
33631.127834, 17715 
849118170421.457153, 17716 
33637.290359, 17717 
849118170427.621094, 17718 
33643.467903, 17719 
849118170433.777588, 17720 
33649.630904, 17721 
849118170439.941650, 17722 
33655.788898, 17723 
849118170446.108154, 17724 
33661.948442, 17725 
849118170452.259644, 17726 
33668.118954, 17727 
849118170458.419556, 17728 
33674.290895, 17729 
849118170464.620117, 17730 
33680.452347, 17731 
849118170470.781738, 17732 
33686.615348, 17733 
849118170476.942261, 17734 
33692.783356, 17735 
849118170483.138672, 17736 
33698.953867, 17737 
849118170489.311523, 17738 
33705.139875, 17739 
849118170495.474121, 17740 
33711.314917, 17741 
849118170501.665527, 17742 
33717.550397, 17743 
849118170507.890015, 17744 
33723.744392, 17745 
849118170514.077026, 17746 
33729.908943, 17747 
849118170520.244019, 17748 
33736.078978, 17749 
849118170526.412964, 17750 
33742.243052, 17751 
849118170532.585938, 17752 
33748.411536, 17753 
849118170538.746094, 17754 
33754.590511, 17755 
849118170544.922485, 17756 
33760.750532, 17757 
849118170551.089600, 17758 
33766.925454, 17759 
849118170557.264648, 17760 
33773.094893, 17761 
849118170563.418701, 17762 
33779.251814, 17763 
849118170569.597290, 17764 
33785.406709, 17765 
849118170575.752686, 17766 
33791.582823, 17767 
849118170581.925659, 17768 
33797.742367, 17769 
849118170588.084595, 17770 
33803.906441, 17771 
849118170594.247559, 17772 
33810.081959, 17773 
849118170600.396484, 17774 
33816.237926, 17775 
849118170606.570557, 17776 
33822.415352, 17777 
849118170612.733154, 17778 
33828.600407, 17779 
849118170618.914673, 17780 
33834.764838, 17781 
849118170625.102539, 17782 
33840.935826, 17783 
849118170631.269165, 17784 
33847.122312, 17785 
849118170637.439087, 17786 
33853.294849, 17787 
849118170643.622681, 17788 
33859.508395, 17789 
849118170649.825562, 17790 
33865.688920, 17791 
849118170656.001099, 17792 
33871.875882, 17793 
849118170662.189087, 17794 
33878.076315, 17795 
849118170668.363647, 17796 
33884.250760, 17797 
849118170674.543701, 17798 
33890.419245, 17799 
849118170680.739746, 17800 
33896.600723, 17801 
849118170686.923828, 17802 
33902.772784, 17803 
849118170693.124146, 17804 
33908.948779, 17805 
849118170699.311279, 17806 
33915.117264, 17807 
849118170705.485718, 17808 
33921.296835, 17809 
849118170711.660645, 17810 
33927.476883, 17811 
849118170717.859131, 17812 
33933.669329, 17813 
849118170724.027222, 17814 
33939.856887, 17815 
849118170730.200073, 17816 
33946.042299, 17817 
849118170736.392212, 17818 
33952.215195, 17819 
849118170742.592773, 17820 
33958.393693, 17821 
849118170748.772217, 17822 
33964.572787, 17823 
849118170754.935669, 17824 
33970.767260, 17825 
849118170761.117188, 17826 
33976.937294, 17827 
849118170767.314209, 17828 
33983.119845, 17829 
849118170773.483521, 17830 
33989.305377, 17831 
849118170779.662109, 17832 
33995.469332, 17833 
849118170785.853638, 17834 
34001.638412, 17835 
849118170792.031128, 17836 
34007.808924, 17837 
849118170798.214478, 17838 
34013.982415, 17839 
849118170804.414062, 17840 
34020.183921, 17841 
849118170810.624146, 17842 
34026.362419, 17843 
849118170816.804565, 17844 
34032.565475, 17845 
849118170822.991089, 17846 
34038.767934, 17847 
849118170829.184570, 17848 
34044.946432, 17849 
849118170835.388550, 17850 
34051.121950, 17851 
849118170841.571045, 17852 
34057.302952, 17853 
849118170847.747559, 17854 
34063.472986, 17855 
849118170853.950562, 17856 
34069.646478, 17857 
849118170860.157471, 17858 
34075.829506, 17859 
849118170866.349976, 17860 
34082.024097, 17861 
849118170872.537476, 17862 
34088.213682, 17863 
849118170878.725220, 17864 
34094.394684, 17865 
849118170884.931396, 17866 
34100.584149, 17867 
849118170891.116821, 17868 
34106.788158, 17869 
849118170897.297363, 17870 
34112.973571, 17871 
849118170903.477417, 17872 
34119.161606, 17873 
849118170909.672852, 17874 
34125.342607, 17875 
849118170915.863770, 17876 
34131.527662, 17877 
849118170922.043213, 17878 
34137.707233, 17879 
849118170928.215698, 17880 
34143.886805, 17881 
849118170934.421143, 17882 
34150.075793, 17883 
849118170940.597656, 17884 
34156.263828, 17885 
849118170946.787720, 17886 
34162.451744, 17887 
849118170952.971191, 17888 
34168.643236, 17889 
849118170959.150757, 17890 
34174.848199, 17891 
849118170965.351807, 17892 
34181.039691, 17893 
849118170971.517334, 17894 
34187.213182, 17895 
849118170977.692383, 17896 
34193.387628, 17897 
849118170983.883423, 17898 
34199.562669, 17899 
849118170990.080811, 17900 
34205.779195, 17901 
849118170996.260254, 17902 
34211.963773, 17903 
849118171002.440796, 17904 
34218.167782, 17905 
849118171008.649292, 17906 
34224.355817, 17907 
849118171014.851196, 17908 
34230.571747, 17909 
849118171021.048340, 17910 
34236.792684, 17911 
849118171027.245239, 17912 
34242.994189, 17913 
849118171033.469238, 17914 
34249.253631, 17915 
849118171039.739868, 17916 
34255.525708, 17917 
849118171045.973755, 17918 
34261.782169, 17919 
849118171052.266846, 17920 
34268.049717, 17921 
849118171058.530762, 17922 
34274.404168, 17923 
849118171064.805298, 17924 
34280.634642, 17925 
849118171070.996948, 17926 
34286.856174, 17927 
849118171077.192261, 17928 
34293.053150, 17929 
849118171083.399292, 17930 
34299.259186, 17931 
849118171089.607910, 17932 
34305.455208, 17933 
849118171095.802368, 17934 
34311.660647, 17935 
849118171101.995850, 17936 
34317.882657, 17937 
849118171108.205322, 17938 
34324.087143, 17939 
849118171114.404297, 17940 
34330.302238, 17941 
849118171120.637329, 17942 
34336.495161, 17943 
849118171126.843750, 17944 
34342.735171, 17945 
849118171133.059937, 17946 
34348.930597, 17947 
849118171139.278442, 17948 
34355.161548, 17949 
849118171145.476929, 17950 
34361.376047, 17951 
849118171151.674927, 17952 
34367.596507, 17953 
849118171157.877441, 17954 
34373.811603, 17955 
849118171164.093384, 17956 
34380.010128, 17957 
849118171170.305298, 17958 
34386.210680, 17959 
849118171176.507324, 17960 
34392.448187, 17961 
849118171182.713257, 17962 
34398.673177, 17963 
849118171188.918457, 17964 
34404.883146, 17965 
849118171195.133789, 17966 
34411.094189, 17967 
849118171201.356812, 17968 
34417.322278, 17969 
849118171207.601685, 17970 
34423.532367, 17971 
849118171213.852173, 17972 
34429.757833, 17973 
849118171220.159180, 17974 
34436.036348, 17975 
849118171226.410156, 17976 
34442.264318, 17977 
849118171232.659302, 17978 
34448.479295, 17979 
849118171238.906738, 17980 
34454.704762, 17981 
849118171245.162231, 17982 
34460.924745, 17983 
849118171251.397217, 17984 
34467.146277, 17985 
849118171257.636597, 17986 
34473.377824, 17987 
849118171263.872681, 17988 
34479.619384, 17989 
849118171270.105225, 17990 
34485.858321, 17991 
849118171276.332153, 17992 
34492.104411, 17993 
849118171282.552612, 17994 
34498.331428, 17995 
849118171288.785034, 17996 
34504.577398, 17997 
849118171295.007568, 17998 
34510.816455, 17999 
849118171301.241089, 18000 
34517.067432, 18001 
849118171307.461548, 18002 
34523.290396, 18003 
849118171313.690674, 18004 
34529.517889, 18005 
849118171319.939697, 18006 
34535.734892, 18007 
849118171326.182129, 18008 
34541.960359, 18009 
849118171332.417603, 18010 
34548.180342, 18011 
849118171338.654541, 18012 
34554.408312, 18013 
849118171344.898804, 18014 
34560.663819, 18015 
849118171351.127075, 18016 
34566.889405, 18017 
849118171357.356079, 18018 
34573.117375, 18019 
849118171363.579590, 18020 
34579.363823, 18021 
849118171369.797241, 18022 
34585.581303, 18023 
849118171376.023193, 18024 
34591.816783, 18025 
849118171382.252197, 18026 
34598.054767, 18027 
849118171388.484131, 18028 
34604.290724, 18029 
849118171394.708374, 18030 
34610.491753, 18031 
849118171400.957275, 18032 
34616.703749, 18033 
849118171407.198242, 18034 
34622.936249, 18035 
849118171413.445679, 18036 
34629.170775, 18037 
849118171419.700317, 18038 
34635.393262, 18039 
849118171425.940674, 18040 
34641.622782, 18041 
849118171432.185791, 18042 
34647.851229, 18043 
849118171438.409790, 18044 
34654.088140, 18045 
849118171444.655884, 18046 
34660.320163, 18047 
849118171450.896362, 18048 
34666.566610, 18049 
849118171457.136353, 18050 
34672.813058, 18051 
849118171463.393066, 18052 
34679.090023, 18053 
849118171469.639404, 18054 
34685.325027, 18055 
849118171475.860107, 18056 
34691.573501, 18057 
849118171482.108398, 18058 
34697.820544, 18059 
849118171488.323975, 18060 
34704.068542, 18061 
849118171494.564331, 18062 
34710.333586, 18063 
849118171500.799927, 18064 
34716.608644, 18065 
849118171507.035889, 18066 
34722.872138, 18067 
849118171513.271729, 18068 
34729.125738, 18069 
849118171519.525269, 18070 
34735.384226, 18071 
849118171525.755737, 18072 
34741.643786, 18073 
849118171531.990723, 18074 
34747.894287, 18075 
849118171538.231812, 18076 
34754.159808, 18077 
849118171544.472656, 18078 
34760.418296, 18079 
849118171550.703735, 18080 
34766.687393, 18081 
849118171556.940552, 18082 
34772.934914, 18083 
849118171563.180054, 18084 
34779.182434, 18085 
849118171569.403442, 18086 
34785.431504, 18087 
849118171575.643555, 18088 
34791.680455, 18089 
849118171581.875488, 18090 
34797.913432, 18091 
849118171588.109009, 18092 
34804.156542, 18093 
849118171594.348389, 18094 
34810.403109, 18095 
849118171600.596436, 18096 
34816.662073, 18097 
849118171606.855347, 18098 
34822.921634, 18099 
849118171613.106445, 18100 
34829.176664, 18101 
849118171619.362793, 18102 
34835.436702, 18103 
849118171625.614746, 18104 
34841.694236, 18105 
849118171631.856812, 18106 
34847.943664, 18107 
849118171638.102295, 18108 
34854.209661, 18109 
849118171644.358887, 18110 
34860.500097, 18111 
849118171650.661987, 18112 
34866.776586, 18113 
849118171656.902832, 18114 
34873.044133, 18115 
849118171663.150269, 18116 
34879.314184, 18117 
849118171669.397827, 18118 
34885.575175, 18119 
849118171675.655884, 18120 
34891.849637, 18121 
849118171681.907349, 18122 
34898.110628, 18123 
849118171688.166382, 18124 
34904.350638, 18125 
849118171694.425415, 18126 
34910.590649, 18127 
849118171700.697266, 18128 
34916.853666, 18129 
849118171706.964355, 18130 
34923.107624, 18131 
849118171713.233765, 18132 
34929.376125, 18133 
849118171719.508911, 18134 
34935.624599, 18135 
849118171725.773926, 18136 
34941.869617, 18137 
849118171732.053833, 18138 
34948.109150, 18139 
849118171738.336304, 18140 
34954.359174, 18141 
849118171744.604858, 18142 
34960.614681, 18143 
849118171750.855225, 18144 
34966.859698, 18145 
849118171757.092773, 18146 
34973.106623, 18147 
849118171763.356934, 18148 
34979.360104, 18149 
849118171769.619873, 18150 
34985.603571, 18151 
849118171775.867432, 18152 
34991.857052, 18153 
849118171782.124390, 18154 
34998.109579, 18155 
849118171788.380981, 18156 
35004.363060, 18157 
849118171794.658936, 18158 
35010.630131, 18159 
849118171800.902344, 18160 
35016.927123, 18161 
849118171807.173462, 18162 
35023.212671, 18163 
849118171813.438721, 18164 
35029.493690, 18165 
849118171819.712769, 18166 
35035.780787, 18167 
849118171825.990234, 18168 
35042.052746, 18169 
849118171832.270630, 18170 
35048.310757, 18171 
849118171838.551758, 18172 
35054.576278, 18173 
849118171844.840210, 18174 
35060.825825, 18175 
849118171851.115234, 18176 
35067.102790, 18177 
849118171857.390259, 18178 
35073.367357, 18179 
849118171863.657593, 18180 
35079.679370, 18181 
849118171869.931030, 18182 
35085.966349, 18183 
849118171876.189819, 18184 
35092.259765, 18185 
849118171882.496216, 18186 
35098.524213, 18187 
849118171888.775146, 18188 
35104.798794, 18189 
849118171895.063721, 18190 
35111.088753, 18191 
849118171901.481201, 18192 
35117.443204, 18193 
849118171907.892334, 18194 
35123.772144, 18195 
849118171914.305786, 18196 
35130.128741, 18197 
849118171920.707642, 18198 
35136.460304, 18199 
849118171927.006714, 18200 
35142.729282, 18201 
849118171933.292236, 18202 
35149.014711, 18203 
849118171939.565796, 18204 
35155.296206, 18205 
849118171945.831787, 18206 
35161.591768, 18207 
849118171952.088257, 18208 
35167.881727, 18209 
849118171958.375244, 18210 
35174.155235, 18211 
849118171964.680786, 18212 
35180.412650, 18213 
849118171970.940796, 18214 
35186.676145, 18215 
849118171977.208862, 18216 
35192.941189, 18217 
849118171983.511353, 18218 
35199.201226, 18219 
849118171989.786377, 18220 
35205.489755, 18221 
849118171996.044800, 18222 
35211.767793, 18223 
849118172002.301147, 18224 
35218.291759, 18225 
849118172008.732788, 18226 
35224.876761, 18227 
849118172015.297852, 18228 
35231.448770, 18229 
849118172021.863770, 18230 
35237.746358, 18231 
849118172028.168213, 18232 
35244.023323, 18233 
849118172034.468140, 18234 
35250.321269, 18235 
849118172040.753784, 18236 
35256.625772, 18237 
849118172047.025635, 18238 
35262.940764, 18239 
849118172053.305298, 18240 
35269.230723, 18241 
849118172059.606812, 18242 
35275.522709, 18243 
849118172065.912231, 18244 
35281.795263, 18245 
849118172072.215210, 18246 
35288.073778, 18247 
849118172078.495728, 18248 
35294.372201, 18249 
849118172084.761353, 18250 
35300.676227, 18251 
849118172091.043213, 18252 
35306.962729, 18253 
849118172097.319702, 18254 
35313.255787, 18255 
849118172103.612671, 18256 
35319.533825, 18257 
849118172109.916748, 18258 
35325.808764, 18259 
849118172116.210205, 18260 
35332.107782, 18261 
849118172122.492188, 18262 
35338.416338, 18263 
849118172128.753662, 18264 
35344.721794, 18265 
849118172135.054688, 18266 
35351.002336, 18267 
849118172141.340088, 18268 
35357.279897, 18269 
849118172147.649048, 18270 
35363.561988, 18271 
849118172153.936035, 18272 
35369.840980, 18273 
849118172160.203613, 18274 
35376.129866, 18275 
849118172166.484619, 18276 
35382.428885, 18277 
849118172172.758667, 18278 
35388.732433, 18279 
849118172179.038574, 18280 
35395.017505, 18281 
849118172185.324585, 18282 
35401.286006, 18283 
849118172191.628052, 18284 
35407.575011, 18285 
849118172197.929443, 18286 
35413.865447, 18287 
849118172204.215576, 18288 
35420.171022, 18289 
849118172210.520020, 18290 
35426.479936, 18291 
849118172216.828979, 18292 
35432.756901, 18293 
849118172223.143677, 18294 
35439.052939, 18295 
849118172229.446533, 18296 
35445.353985, 18297 
849118172235.738892, 18298 
35451.652527, 18299 
849118172242.048584, 18300 
35457.978487, 18301 
849118172248.364014, 18302 
35464.259982, 18303 
849118172254.693481, 18304 
35470.722437, 18305 
849118172261.013550, 18306 
35477.033496, 18307 
849118172267.320557, 18308 
35483.332038, 18309 
849118172273.629517, 18310 
35489.627600, 18311 
849118172279.928955, 18312 
35495.913029, 18313 
849118172286.214966, 18314 
35502.237082, 18315 
849118172292.526978, 18316 
35508.527517, 18317 
849118172298.841553, 18318 
35514.815569, 18319 
849118172305.185425, 18320 
35521.130562, 18321 
849118172311.491455, 18322 
35527.480483, 18323 
849118172317.814453, 18324 
35533.767581, 18325 
849118172324.140869, 18326 
35540.061593, 18327 
849118172330.459351, 18328 
35546.364665, 18329 
849118172336.762817, 18330 
35552.689672, 18331 
849118172343.068359, 18332 
35558.983684, 18333 
849118172349.369263, 18334 
35565.281272, 18335 
849118172355.686768, 18336 
35571.596265, 18337 
849118172362.009277, 18338 
35577.923179, 18339 
849118172368.322388, 18340 
35584.241152, 18341 
849118172374.620850, 18342 
35590.524197, 18343 
849118172380.943726, 18344 
35596.928239, 18345 
849118172387.355225, 18346 
35603.234291, 18347 
849118172393.666260, 18348 
35609.542251, 18349 
849118172399.983276, 18350 
35615.852237, 18351 
849118172406.284790, 18352 
35622.187138, 18353 
849118172412.590332, 18354 
35628.485560, 18355 
849118172418.913940, 18356 
35634.793043, 18357 
849118172425.240356, 18358 
35641.106606, 18359 
849118172431.547485, 18360 
35647.426605, 18361 
849118172437.874512, 18362 
35653.737545, 18363 
849118172444.206421, 18364 
35660.050988, 18365 
849118172450.523438, 18366 
35666.394472, 18367 
849118172456.870972, 18368 
35672.736526, 18369 
849118172463.214966, 18370 
35679.062009, 18371 
849118172469.529053, 18372 
35685.382009, 18373 
849118172475.826050, 18374 
35691.712022, 18375 
849118172482.147949, 18376 
35698.035598, 18377 
849118172488.462891, 18378 
35704.355121, 18379 
849118172494.848877, 18380 
35710.696101, 18381 
849118172501.165894, 18382 
35717.017174, 18383 
849118172507.473877, 18384 
35723.343730, 18385 
849118172513.774292, 18386 
35729.675174, 18387 
849118172520.102295, 18388 
35735.979676, 18389 
849118172526.428345, 18390 
35742.286682, 18391 
849118172532.748779, 18392 
35748.649716, 18393 
849118172539.090332, 18394 
35754.973173, 18395 
849118172545.401855, 18396 
35761.277199, 18397 
849118172551.726807, 18398 
35767.591238, 18399 
849118172558.020264, 18400 
35773.905277, 18401 
849118172564.319702, 18402 
35780.223727, 18403 
849118172570.639282, 18404 
35786.517262, 18405 
849118172576.962769, 18406 
35792.825341, 18407 
849118172583.267212, 18408 
35799.158812, 18409 
849118172589.566650, 18410 
35805.457234, 18411 
849118172595.890747, 18412 
35811.772227, 18413 
849118172602.220825, 18414 
35818.088174, 18415 
849118172608.535767, 18416 
35824.438691, 18417 
849118172614.860352, 18418 
35830.768228, 18419 
849118172621.214355, 18420 
35837.103724, 18421 
849118172627.537231, 18422 
35843.448281, 18423 
849118172633.893677, 18424 
35849.764824, 18425 
849118172640.229248, 18426 
35856.088758, 18427 
849118172646.544189, 18428 
35862.431765, 18429 
849118172652.880249, 18430 
35868.767858, 18431 
849118172659.231689, 18432 
35875.101805, 18433 
849118172665.546631, 18434 
35881.439328, 18435 
849118172671.878662, 18436 
35887.744784, 18437 
849118172678.223267, 18438 
35894.094706, 18439 
849118172684.534302, 18440 
35900.463700, 18441 
849118172690.860229, 18442 
35906.780243, 18443 
849118172697.183228, 18444 
35913.115263, 18445 
849118172703.508789, 18446 
35919.469237, 18447 
849118172709.823242, 18448 
35925.795794, 18449 
849118172716.185669, 18450 
35932.145357, 18451 
849118172722.512207, 18452 
35938.471913, 18453 
849118172728.832153, 18454 
35944.784880, 18455 
849118172735.167236, 18456 
35951.084375, 18457 
849118172741.485107, 18458 
35957.423329, 18459 
849118172747.813232, 18460 
35963.755727, 18461 
849118172754.159302, 18462 
35970.129132, 18463 
849118172760.517822, 18464 
35976.477146, 18465 
849118172766.847900, 18466 
35982.797623, 18467 
849118172773.208374, 18468 
35989.120603, 18469 
849118172779.530396, 18470 
35995.473623, 18471 
849118172785.874390, 18472 
36001.806617, 18473 
849118172792.227783, 18474 
36008.140087, 18475 
849118172798.549438, 18476 
36014.490128, 18477 
849118172804.914307, 18478 
36020.821691, 18479 
849118172811.254883, 18480 
36027.173162, 18481 
849118172817.601807, 18482 
36033.504725, 18483 
849118172823.956177, 18484 
36039.861798, 18485 
849118172830.291748, 18486 
36046.209216, 18487 
849118172836.645264, 18488 
36052.545786, 18489 
849118172843.000122, 18490 
36058.909297, 18491 
849118172849.367310, 18492 
36065.255284, 18493 
849118172855.754761, 18494 
36071.581721, 18495 
849118172862.088745, 18496 
36077.920675, 18497 
849118172868.433350, 18498 
36084.251165, 18499 
849118172874.781860, 18500 
36090.598702, 18501 
849118172881.104370, 18502 
36096.934676, 18503 
849118172887.455811, 18504 
36103.253722, 18505 
849118172893.798218, 18506 
36109.599233, 18507 
849118172900.177734, 18508 
36115.957737, 18509 
849118172906.527710, 18510 
36122.295737, 18511 
849118172912.846191, 18512 
36128.627777, 18513 
849118172919.202271, 18514 
36134.969234, 18515 
849118172925.562256, 18516 
36141.332269, 18517 
849118172931.913330, 18518 
36147.663236, 18519 
849118172938.271729, 18520 
36154.007792, 18521 
849118172944.612671, 18522 
36160.366774, 18523 
849118172950.963745, 18524 
36166.696310, 18525 
849118172957.309814, 18526 
36173.044324, 18527 
849118172963.669678, 18528 
36179.383397, 18529 
849118172970.028076, 18530 
36185.699821, 18531 
849118172976.386597, 18532 
36192.059278, 18533 
849118172982.757690, 18534 
36198.382854, 18535 
849118172989.109131, 18536 
36204.730868, 18537 
849118172995.472656, 18538 
36211.061358, 18539 
849118173001.810669, 18540 
36217.397332, 18541 
849118173008.173218, 18542 
36223.760247, 18543 
849118173014.532715, 18544 
36230.107188, 18545 
849118173020.910278, 18546 
36236.463189, 18547 
849118173027.261841, 18548 
36242.831588, 18549 
849118173033.636841, 18550 
36249.192119, 18551 
849118173039.973389, 18552 
36255.559564, 18553 
849118173046.334473, 18554 
36261.893630, 18555 
849118173052.677368, 18556 
36268.261552, 18557 
849118173059.026978, 18558 
36274.615526, 18559 
849118173065.400879, 18560 
36280.961990, 18561 
849118173071.752563, 18562 
36287.323952, 18563 
849118173078.114014, 18564 
36293.679476, 18565 
849118173084.468506, 18566 
36300.055504, 18567 
849118173090.829956, 18568 
36306.391001, 18569 
849118173097.198486, 18570 
36312.759995, 18571 
849118173103.569580, 18572 
36319.110036, 18573 
849118173109.923950, 18574 
36325.490594, 18575 
849118173116.280518, 18576 
36331.867576, 18577 
849118173122.672974, 18578 
36338.224053, 18579 
849118173129.027466, 18580 
36344.591022, 18581 
849118173135.415405, 18582 
36350.964069, 18583 
849118173141.790405, 18584 
36357.329130, 18585 
849118173148.170288, 18586 
36363.698602, 18587 
849118173154.541382, 18588 
36370.061636, 18589 
849118173160.919312, 18590 
36376.429200, 18591 
849118173167.271851, 18592 
36382.804632, 18593 
849118173173.664795, 18594 
36389.195681, 18595 
849118173180.031372, 18596 
36395.577192, 18597 
849118173186.408203, 18598 
36401.934743, 18599 
849118173192.762329, 18600 
36408.302784, 18601 
849118173199.130249, 18602 
36414.665818, 18603 
849118173205.496582, 18604 
36421.058297, 18605 
849118173211.871216, 18606 
36427.428842, 18607 
849118173218.227539, 18608 
36433.825374, 18609 
849118173224.627563, 18610 
36440.205932, 18611 
849118173230.996582, 18612 
36446.586847, 18613 
849118173237.375610, 18614 
36452.975869, 18615 
849118173243.766602, 18616 
36459.357381, 18617 
849118173250.171143, 18618 
36465.739489, 18619 
849118173256.543457, 18620 
36472.100019, 18621 
849118173262.947021, 18622 
36478.477001, 18623 
849118173269.302490, 18624 
36484.822035, 18625 
849118173275.679443, 18626 
36491.183043, 18627 
849118173282.039307, 18628 
36497.553587, 18629 
849118173288.410400, 18630 
36503.928065, 18631 
849118173294.754883, 18632 
36510.298014, 18633 
849118173301.134521, 18634 
36516.665578, 18635 
849118173307.498413, 18636 
36523.026586, 18637 
849118173313.881836, 18638 
36529.376626, 18639 
849118173320.247925, 18640 
36535.743594, 18641 
849118173326.645874, 18642 
36542.108655, 18643 
849118173333.008911, 18644 
36548.496127, 18645 
849118173339.405884, 18646 
36554.852128, 18647 
849118173345.781982, 18648 
36561.223626, 18649 
849118173352.172363, 18650 
36567.590594, 18651 
849118173358.542480, 18652 
36573.968530, 18653 
849118173364.922974, 18654 
36580.346942, 18655 
849118173371.301025, 18656 
36586.720943, 18657 
849118173377.711548, 18658 
36593.077421, 18659 
849118173384.116089, 18660 
36599.449992, 18661 
849118173390.496582, 18662 
36605.828047, 18663 
849118173396.839478, 18664 
36612.218976, 18665 
849118173403.220459, 18666 
36618.574977, 18667 
849118173409.586060, 18668 
36624.965906, 18669 
849118173415.967651, 18670 
36631.336927, 18671 
849118173422.335083, 18672 
36637.735009, 18673 
849118173428.724976, 18674 
36644.145012, 18675 
849118173435.109985, 18676 
36650.526524, 18677 
849118173441.523438, 18678 
36656.929016, 18679 
849118173447.901489, 18680 
36663.313508, 18681 
849118173454.286377, 18682 
36669.740558, 18683 
849118173460.697876, 18684 
36676.156640, 18685 
849118173467.070801, 18686 
36682.548165, 18687 
849118173473.452759, 18688 
36688.933730, 18689 
849118173479.842896, 18690 
36695.331693, 18691 
849118173486.233765, 18692 
36701.722145, 18693 
849118173492.614380, 18694 
36708.116651, 18695 
849118173498.982910, 18696 
36714.524627, 18697 
849118173505.372803, 18698 
36720.910668, 18699 
849118173511.747437, 18700 
36727.308154, 18701 
849118173518.150391, 18702 
36733.703613, 18703 
849118173524.530396, 18704 
36740.082145, 18705 
849118173530.937256, 18706 
36746.496677, 18707 
849118173537.333862, 18708 
36752.890110, 18709 
849118173543.742432, 18710 
36759.289622, 18711 
849118173550.135864, 18712 
36765.663624, 18713 
849118173556.519897, 18714 
36772.056580, 18715 
849118173562.919312, 18716 
36778.472066, 18717 
849118173569.317383, 18718 
36784.866571, 18719 
849118173575.703979, 18720 
36791.264534, 18721 
849118173582.081421, 18722 
36797.627091, 18723 
849118173588.469849, 18724 
36804.013610, 18725 
849118173594.873413, 18726 
36810.402513, 18727 
849118173601.239990, 18728 
36816.803455, 18729 
849118173607.624023, 18730 
36823.165417, 18731 
849118173614.014038, 18732 
36829.548478, 18733 
849118173620.409912, 18734 
36835.953593, 18735 
849118173626.801758, 18736 
36842.361093, 18737 
849118173633.230469, 18738 
36848.775029, 18739 
849118173639.663452, 18740 
36855.198503, 18741 
849118173646.071533, 18742 
36861.603498, 18743 
849118173652.498047, 18744 
36868.037462, 18745 
849118173658.919067, 18746 
36874.461412, 18747 
849118173665.327637, 18748 
36880.857944, 18749 
849118173671.750610, 18750 
36887.285471, 18751 
849118173678.166504, 18752 
36893.702984, 18753 
849118173684.585083, 18754 
36900.100470, 18755 
849118173691.011475, 18756 
36906.526446, 18757 
849118173697.445068, 18758 
36912.929416, 18759 
849118173703.859985, 18760 
36919.324994, 18761 
849118173710.270508, 18762 
36925.745964, 18763 
849118173716.694580, 18764 
36932.152390, 18765 
849118173723.100708, 18766 
36938.549280, 18767 
849118173729.516846, 18768 
36944.981217, 18769 
849118173735.946777, 18770 
36951.401711, 18771 
849118173742.343750, 18772 
36957.820177, 18773 
849118173748.760864, 18774 
36964.233637, 18775 
849118173755.175781, 18776 
36970.647693, 18777 
849118173761.569336, 18778 
36977.070689, 18779 
849118173767.989258, 18780 
36983.494163, 18781 
849118173774.384888, 18782 
36989.910603, 18783 
849118173780.786377, 18784 
36996.321559, 18785 
849118173787.192383, 18786 
37002.737045, 18787 
849118173793.598389, 18788 
37009.141088, 18789 
849118173799.983765, 18790 
37015.552163, 18791 
849118173806.404785, 18792 
37021.992207, 18793 
849118173812.828735, 18794 
37028.387189, 18795 
849118173819.236816, 18796 
37034.812689, 18797 
849118173825.638672, 18798 
37041.215777, 18799 
849118173832.033813, 18800 
37047.633767, 18801 
849118173838.463745, 18802 
37054.072738, 18803 
849118173844.896362, 18804 
37060.513735, 18805 
849118173851.313232, 18806 
37066.938758, 18807 
849118173857.736328, 18808 
37073.366761, 18809 
849118173864.210693, 18810 
37079.871774, 18811 
849118173870.724121, 18812 
37086.410761, 18813 
849118173877.278687, 18814 
37092.992783, 18815 
849118173883.763672, 18816 
37099.451780, 18817 
849118173890.194214, 18818 
37105.899811, 18819 
849118173896.633789, 18820 
37112.406731, 18821 
849118173903.199219, 18822 
37119.003177, 18823 
849118173909.782837, 18824 
